asset,disk_exists,status,evidence
/Game/Art/AnimationTests/AnimeKatana/Animations/AS_Anime_KC_Block_01_Hit,True,historical_design_candidate_or_baseline_requires_runtime_audit,Docs/Design/HumanoidBoss/motion-manifest.json:source
/Game/Art/AnimationTests/AnimeKatana/Animations/AS_Anime_KC_Charge_Attack,True,historical_design_candidate_or_baseline_requires_runtime_audit,Docs/Design/HumanoidBoss/motion-manifest.json:source; Docs/Design/MotionBasedSkills/motion-manifest.json:source
/Game/Art/AnimationTests/AnimeKatana/Animations/AS_Anime_KC_Circle,True,historical_design_candidate_or_baseline_requires_runtime_audit,Docs/Design/HumanoidBoss/motion-manifest.json:source; Docs/Design/MotionBasedSkills/motion-manifest.json:source
/Game/Art/AnimationTests/AnimeKatana/Animations/AS_Anime_KC_Death,True,historical_design_candidate_or_baseline_requires_runtime_audit,Docs/Design/HumanoidBoss/motion-manifest.json:source
/Game/Art/AnimationTests/AnimeKatana/Animations/AS_Anime_KC_Get_Hit_V1,True,historical_design_candidate_or_baseline_requires_runtime_audit,Docs/Design/HumanoidBoss/motion-manifest.json:source
/Game/Art/AnimationTests/AnimeKatana/Animations/AS_Anime_KC_Get_Hit_V2,True,historical_design_candidate_or_baseline_requires_runtime_audit,Docs/Design/HumanoidBoss/motion-manifest.json:source
/Game/Art/AnimationTests/AnimeKatana/Animations/AS_Anime_KC_Jump_Attack_V2,True,historical_design_candidate_or_baseline_requires_runtime_audit,Docs/Design/HumanoidBoss/motion-manifest.json:source
/Game/Art/AnimationTests/AnimeKatana/Animations/AS_Anime_KC_Run_Attack_V1,True,historical_design_candidate_or_baseline_requires_runtime_audit,Docs/Design/MotionBasedSkills/motion-manifest.json:source
/Game/Art/AnimationTests/AnimeKatana/Animations/AS_Anime_KC_Run_Thrust,True,historical_design_candidate_or_baseline_requires_runtime_audit,Docs/Design/HumanoidBoss/motion-manifest.json:source; Docs/Design/MotionBasedSkills/motion-manifest.json:source
/Game/Art/AnimationTests/AnimeKatana/Animations/AS_Anime_KC_Waves,True,historical_design_candidate_or_baseline_requires_runtime_audit,Docs/Design/HumanoidBoss/motion-manifest.json:source
/Game/Art/AnimationTests/FrankSlash/Animations/Katana/AS_PGFrank_RPG_Katana_8Way_Run_BL_6d4ef9d1b5,True,historical_design_candidate_or_baseline_requires_runtime_audit,Docs/Design/HumanoidBoss/motion-manifest.json:source
/Game/Art/AnimationTests/FrankSlash/Animations/Katana/AS_PGFrank_RPG_Katana_8Way_Run_BR_777363dd71,True,historical_design_candidate_or_baseline_requires_runtime_audit,Docs/Design/HumanoidBoss/motion-manifest.json:source
/Game/Art/AnimationTests/FrankSlash/Animations/Katana/AS_PGFrank_RPG_Katana_8Way_Run_B_de1dd86c1b,True,historical_design_candidate_or_baseline_requires_runtime_audit,Docs/Design/HumanoidBoss/motion-manifest.json:source
/Game/Art/AnimationTests/FrankSlash/Animations/Katana/AS_PGFrank_RPG_Katana_8Way_Run_FL_2f11a7c922,True,historical_design_candidate_or_baseline_requires_runtime_audit,Docs/Design/HumanoidBoss/motion-manifest.json:source
/Game/Art/AnimationTests/FrankSlash/Animations/Katana/AS_PGFrank_RPG_Katana_8Way_Run_FR_351e503b6a,True,historical_design_candidate_or_baseline_requires_runtime_audit,Docs/Design/HumanoidBoss/motion-manifest.json:source
/Game/Art/AnimationTests/FrankSlash/Animations/Katana/AS_PGFrank_RPG_Katana_8Way_Run_F_27aef332ec,True,historical_design_candidate_or_baseline_requires_runtime_audit,Docs/Design/HumanoidBoss/motion-manifest.json:source
/Game/Art/AnimationTests/FrankSlash/Animations/Katana/AS_PGFrank_RPG_Katana_8Way_Run_L_b91cb8e8aa,True,historical_design_candidate_or_baseline_requires_runtime_audit,Docs/Design/HumanoidBoss/motion-manifest.json:source
/Game/Art/AnimationTests/FrankSlash/Animations/Katana/AS_PGFrank_RPG_Katana_8Way_Run_R_da467fd0a4,True,historical_design_candidate_or_baseline_requires_runtime_audit,Docs/Design/HumanoidBoss/motion-manifest.json:source
/Game/Art/AnimationTests/FrankSlash/Animations/Katana/AS_PGFrank_RPG_Katana_8Way_Walk_BL_07e6ba7846,True,historical_design_candidate_or_baseline_requires_runtime_audit,Docs/Design/HumanoidBoss/motion-manifest.json:source
/Game/Art/AnimationTests/FrankSlash/Animations/Katana/AS_PGFrank_RPG_Katana_8Way_Walk_BR_67c6e58408,True,historical_design_candidate_or_baseline_requires_runtime_audit,Docs/Design/HumanoidBoss/motion-manifest.json:source
/Game/Art/AnimationTests/FrankSlash/Animations/Katana/AS_PGFrank_RPG_Katana_8Way_Walk_B_ddc8c69cf6,True,historical_design_candidate_or_baseline_requires_runtime_audit,Docs/Design/HumanoidBoss/motion-manifest.json:source
/Game/Art/AnimationTests/FrankSlash/Animations/Katana/AS_PGFrank_RPG_Katana_8Way_Walk_FL_3e3ed0623b,True,historical_design_candidate_or_baseline_requires_runtime_audit,Docs/Design/HumanoidBoss/motion-manifest.json:source
/Game/Art/AnimationTests/FrankSlash/Animations/Katana/AS_PGFrank_RPG_Katana_8Way_Walk_FR_fc45f1382f,True,historical_design_candidate_or_baseline_requires_runtime_audit,Docs/Design/HumanoidBoss/motion-manifest.json:source
/Game/Art/AnimationTests/FrankSlash/Animations/Katana/AS_PGFrank_RPG_Katana_8Way_Walk_F_d5c6468cec,True,historical_design_candidate_or_baseline_requires_runtime_audit,Docs/Design/HumanoidBoss/motion-manifest.json:source
/Game/Art/AnimationTests/FrankSlash/Animations/Katana/AS_PGFrank_RPG_Katana_8Way_Walk_L_96a6242a2e,True,historical_design_candidate_or_baseline_requires_runtime_audit,Docs/Design/HumanoidBoss/motion-manifest.json:source
/Game/Art/AnimationTests/FrankSlash/Animations/Katana/AS_PGFrank_RPG_Katana_8Way_Walk_R_34a757260d,True,historical_design_candidate_or_baseline_requires_runtime_audit,Docs/Design/HumanoidBoss/motion-manifest.json:source
/Game/Art/AnimationTests/FrankSlash/Animations/Katana/AS_PGFrank_RPG_Katana_Evade_B_1d1845390d,True,historical_design_candidate_or_baseline_requires_runtime_audit,Docs/Design/HumanoidBoss/motion-manifest.json:source
/Game/Art/AnimationTests/FrankSlash/Animations/Katana/AS_PGFrank_RPG_Katana_Evade_L_c94520e296,True,historical_design_candidate_or_baseline_requires_runtime_audit,Docs/Design/HumanoidBoss/motion-manifest.json:source
/Game/Art/AnimationTests/FrankSlash/Animations/Katana/AS_PGFrank_RPG_Katana_Evade_R_5694da9eea,True,historical_design_candidate_or_baseline_requires_runtime_audit,Docs/Design/HumanoidBoss/motion-manifest.json:source
/Game/Art/AnimationTests/FrankSlash/Animations/Katana/AS_PGFrank_RPG_Katana_Stance1_Idle_c7aae8c41b,True,historical_design_candidate_or_baseline_requires_runtime_audit,Docs/Design/HumanoidBoss/motion-manifest.json:source
/Game/Art/AnimationTests/FrankSlash/Animations/Spear/AS_PGFrank_RPG_Spear_Attack01_c056a7e4a8,True,historical_design_candidate_or_baseline_requires_runtime_audit,Docs/Design/MotionBasedSkills/motion-manifest.json:source
/Game/Art/AnimationTests/FrankSlash/Animations/Warrior/AS_PGFrank_RPG_Warrior_ShieldAttack01_fff9a83032,True,historical_design_candidate_or_baseline_requires_runtime_audit,Docs/Design/MotionBasedSkills/motion-manifest.json:source
/Game/Art/AnimationTests/FrankSlash/Animations/Warrior/AS_PGFrank_RPG_Warrior_ShieldAttack02_e7fb63aab4,True,historical_design_candidate_or_baseline_requires_runtime_audit,Docs/Design/MotionBasedSkills/motion-manifest.json:source
/Game/Art/AnimationTests/GrruzamSword/Animations/M_Big_Sword/AS_PGAttack_3Combo_1_Inplace_d472f8598f,True,historical_design_candidate_or_baseline_requires_runtime_audit,Docs/Design/MotionBasedSkills/motion-manifest.json:source
/Game/Art/AnimationTests/GrruzamSword/Animations/M_Big_Sword/AS_PGAttack_3Combo_2_Inplace_f8e5d1711b,True,historical_design_candidate_or_baseline_requires_runtime_audit,Docs/Design/MotionBasedSkills/motion-manifest.json:source
/Game/Art/AnimationTests/GrruzamSword/Animations/M_Big_Sword/AS_PGAttack_3Combo_3_Inplace_8f3d7d1fdc,True,historical_design_candidate_or_baseline_requires_runtime_audit,Docs/Design/MotionBasedSkills/motion-manifest.json:source
/Game/Art/AnimationTests/GrruzamSword/Animations/M_Big_Sword/AS_PGRevenge_Guard_Accept_86cf2404ec,True,historical_design_candidate_or_baseline_requires_runtime_audit,Docs/Design/MotionBasedSkills/motion-manifest.json:source
/Game/Art/AnimationTests/GrruzamSword/Animations/M_Big_Sword/AS_PGRevenge_Guard_End_34e1b29527,True,historical_design_candidate_or_baseline_requires_runtime_audit,Docs/Design/MotionBasedSkills/motion-manifest.json:source
/Game/Art/AnimationTests/GrruzamSword/Animations/M_Big_Sword/AS_PGRevenge_Guard_Loop_e0ee7a2d68,True,historical_design_candidate_or_baseline_requires_runtime_audit,Docs/Design/MotionBasedSkills/motion-manifest.json:source
/Game/Art/AnimationTests/GrruzamSword/Animations/M_Big_Sword/AS_PGRevenge_Guard_Start_ead69e38e4,True,historical_design_candidate_or_baseline_requires_runtime_audit,Docs/Design/MotionBasedSkills/motion-manifest.json:source
/Game/Art/AnimationTests/GrruzamSword/Animations/M_Katana_Blade/AS_PGAttack_3Combo_1_Inplace_fa8ad838d4,True,historical_design_candidate_or_baseline_requires_runtime_audit,Docs/Design/HumanoidBoss/motion-manifest.json:source; Docs/Design/MotionBasedSkills/motion-manifest.json:source
/Game/Art/AnimationTests/GrruzamSword/Animations/M_Katana_Blade/AS_PGAttack_3Combo_2_Inplace_e8c2fbd579,True,historical_design_candidate_or_baseline_requires_runtime_audit,Docs/Design/HumanoidBoss/motion-manifest.json:source; Docs/Design/MotionBasedSkills/motion-manifest.json:source
/Game/Art/AnimationTests/GrruzamSword/Animations/M_Katana_Blade/AS_PGAttack_3Combo_3_Inplace_c0f88edd7b,True,historical_design_candidate_or_baseline_requires_runtime_audit,Docs/Design/HumanoidBoss/motion-manifest.json:source; Docs/Design/MotionBasedSkills/motion-manifest.json:source
/Game/Art/AnimationTests/GrruzamSword/Animations/M_Katana_Blade/AS_PGDash_Attack_ver_B_3fc1792d00,True,historical_design_candidate_or_baseline_requires_runtime_audit,Docs/Design/HumanoidBoss/motion-manifest.json:source
/Game/Art/AnimationTests/GrruzamSword/Animations/M_Katana_Blade/AS_PGRevenge_Guard_Accept_a03e5aa8a7,True,historical_design_candidate_or_baseline_requires_runtime_audit,Docs/Design/HumanoidBoss/motion-manifest.json:source; Docs/Design/MotionBasedSkills/motion-manifest.json:source
/Game/Art/AnimationTests/GrruzamSword/Animations/M_Katana_Blade/AS_PGRevenge_Guard_Attack_ver_A_e90c075f6d,True,historical_design_candidate_or_baseline_requires_runtime_audit,Docs/Design/HumanoidBoss/motion-manifest.json:source; Docs/Design/MotionBasedSkills/motion-manifest.json:source
/Game/Art/AnimationTests/GrruzamSword/Animations/M_Katana_Blade/AS_PGRevenge_Guard_Attack_ver_B_21a5840e0a,True,historical_design_candidate_or_baseline_requires_runtime_audit,Docs/Design/MotionBasedSkills/motion-manifest.json:source
/Game/Art/AnimationTests/GrruzamSword/Animations/M_Katana_Blade/AS_PGRevenge_Guard_End_a13bbb8ca0,True,historical_design_candidate_or_baseline_requires_runtime_audit,Docs/Design/HumanoidBoss/motion-manifest.json:source; Docs/Design/MotionBasedSkills/motion-manifest.json:source
/Game/Art/AnimationTests/GrruzamSword/Animations/M_Katana_Blade/AS_PGRevenge_Guard_Loop_f36865927b,True,historical_design_candidate_or_baseline_requires_runtime_audit,Docs/Design/HumanoidBoss/motion-manifest.json:source; Docs/Design/MotionBasedSkills/motion-manifest.json:source
/Game/Art/AnimationTests/GrruzamSword/Animations/M_Katana_Blade/AS_PGRevenge_Guard_Start_c687af82a3,True,historical_design_candidate_or_baseline_requires_runtime_audit,Docs/Design/HumanoidBoss/motion-manifest.json:source; Docs/Design/MotionBasedSkills/motion-manifest.json:source
/Game/Art/AnimationTests/RPGAnimations/Animations/Magic/AS_PGMagic_Attack_1_InPlace_0ea645dd94,True,historical_design_candidate_or_baseline_requires_runtime_audit,Docs/Design/MotionBasedSkills/motion-manifest.json:source
/Game/Art/CreatureModels/EnemyPlant/Animations/AS_PG_EnemyPlant_Attack_1,True,authored_combat_link,Tools/Validation/ConfigureCreatureCombat.py; Tools/Validation/Data/CreatureCombat.json; skill:15541
/Game/Art/CreatureModels/EnemyPlant/Animations/AS_PG_EnemyPlant_Attack_2,True,authored_combat_link,Tools/Validation/ConfigureCreatureCombat.py; Tools/Validation/Data/CreatureCombat.json; skill:15542
/Game/Art/CreatureModels/EnemyPlant/Animations/AS_PG_EnemyPlant_Death,True,authored_combat_link,Tools/Validation/ConfigureCreatureCombat.py; Tools/Validation/Data/CreatureCombat.json; death
/Game/Art/CreatureModels/EnemyPlant/Animations/AS_PG_EnemyPlant_Fall,True,not_linked_by_creature_combat_config,Tools/Validation/ConfigureCreatureCombat.py; Tools/Validation/Data/CreatureCombat.json
/Game/Art/CreatureModels/EnemyPlant/Animations/AS_PG_EnemyPlant_Hit,True,authored_combat_link,Tools/Validation/ConfigureCreatureCombat.py; Tools/Validation/Data/CreatureCombat.json; hit_react
/Game/Art/CreatureModels/EnemyPlant/Animations/AS_PG_EnemyPlant_Idle,True,authored_combat_link,Tools/Validation/ConfigureCreatureCombat.py; Tools/Validation/Data/CreatureCombat.json; idle
/Game/Art/CreatureModels/EnemyPlant/Animations/AS_PG_EnemyPlant_Jump_End,True,not_linked_by_creature_combat_config,Tools/Validation/ConfigureCreatureCombat.py; Tools/Validation/Data/CreatureCombat.json
/Game/Art/CreatureModels/EnemyPlant/Animations/AS_PG_EnemyPlant_Jump_In,True,not_linked_by_creature_combat_config,Tools/Validation/ConfigureCreatureCombat.py; Tools/Validation/Data/CreatureCombat.json
/Game/Art/CreatureModels/EnemyPlant/Animations/AS_PG_EnemyPlant_Run,True,authored_combat_link,Tools/Validation/ConfigureCreatureCombat.py; Tools/Validation/Data/CreatureCombat.json; move
/Game/Art/CreatureModels/EnemyPlant/Animations/AS_PG_EnemyPlant_Walk,True,not_linked_by_creature_combat_config,Tools/Validation/ConfigureCreatureCombat.py; Tools/Validation/Data/CreatureCombat.json
/Game/Art/CreatureModels/EnemyRoot/Animations/AS_PG_EnemyRoot_Attack_1,True,authored_combat_link,Tools/Validation/ConfigureCreatureCombat.py; Tools/Validation/Data/CreatureCombat.json; skill:15531
/Game/Art/CreatureModels/EnemyRoot/Animations/AS_PG_EnemyRoot_Attack_2,True,authored_combat_link,Tools/Validation/ConfigureCreatureCombat.py; Tools/Validation/Data/CreatureCombat.json; skill:15532
/Game/Art/CreatureModels/EnemyRoot/Animations/AS_PG_EnemyRoot_Exit,True,authored_combat_link,Tools/Validation/ConfigureCreatureCombat.py; Tools/Validation/Data/CreatureCombat.json; death
/Game/Art/CreatureModels/EnemyRoot/Animations/AS_PG_EnemyRoot_Hit,True,authored_combat_link,Tools/Validation/ConfigureCreatureCombat.py; Tools/Validation/Data/CreatureCombat.json; hit_react
/Game/Art/CreatureModels/EnemyRoot/Animations/AS_PG_EnemyRoot_Idle,True,authored_combat_link,Tools/Validation/ConfigureCreatureCombat.py; Tools/Validation/Data/CreatureCombat.json; idle; move
/Game/Art/CreatureModels/EnemyRoot/Animations/AS_PG_EnemyRoot_Uprise,True,not_linked_by_creature_combat_config,Tools/Validation/ConfigureCreatureCombat.py; Tools/Validation/Data/CreatureCombat.json
/Game/Art/CreatureModels/Griffin/Animations/AS_PG_Griffin_Agr,True,not_linked_by_creature_combat_config,Tools/Validation/ConfigureCreatureCombat.py; Tools/Validation/Data/CreatureCombat.json
/Game/Art/CreatureModels/Griffin/Animations/AS_PG_Griffin_Attack_1,True,authored_combat_link,Tools/Validation/ConfigureCreatureCombat.py; Tools/Validation/Data/CreatureCombat.json; skill:15511
/Game/Art/CreatureModels/Griffin/Animations/AS_PG_Griffin_Attack_2,True,not_linked_by_creature_combat_config,Tools/Validation/ConfigureCreatureCombat.py; Tools/Validation/Data/CreatureCombat.json
/Game/Art/CreatureModels/Griffin/Animations/AS_PG_Griffin_Attack_3,True,authored_combat_link,Tools/Validation/ConfigureCreatureCombat.py; Tools/Validation/Data/CreatureCombat.json; skill:15512
/Game/Art/CreatureModels/Griffin/Animations/AS_PG_Griffin_Death,True,authored_combat_link,Tools/Validation/ConfigureCreatureCombat.py; Tools/Validation/Data/CreatureCombat.json; death
/Game/Art/CreatureModels/Griffin/Animations/AS_PG_Griffin_Fly_Non_Zero,True,not_linked_by_creature_combat_config,Tools/Validation/ConfigureCreatureCombat.py; Tools/Validation/Data/CreatureCombat.json
/Game/Art/CreatureModels/Griffin/Animations/AS_PG_Griffin_Fly_Zero,True,authored_combat_link,Tools/Validation/ConfigureCreatureCombat.py; Tools/Validation/Data/CreatureCombat.json; move
/Game/Art/CreatureModels/Griffin/Animations/AS_PG_Griffin_Hit,True,authored_combat_link,Tools/Validation/ConfigureCreatureCombat.py; Tools/Validation/Data/CreatureCombat.json; hit_react
/Game/Art/CreatureModels/Griffin/Animations/AS_PG_Griffin_Idle,True,not_linked_by_creature_combat_config,Tools/Validation/ConfigureCreatureCombat.py; Tools/Validation/Data/CreatureCombat.json
/Game/Art/CreatureModels/Griffin/Animations/AS_PG_Griffin_Idle_Fly_Non_Zero,True,not_linked_by_creature_combat_config,Tools/Validation/ConfigureCreatureCombat.py; Tools/Validation/Data/CreatureCombat.json
/Game/Art/CreatureModels/Griffin/Animations/AS_PG_Griffin_Idle_Fly_Zero,True,authored_combat_link,Tools/Validation/ConfigureCreatureCombat.py; Tools/Validation/Data/CreatureCombat.json; idle
/Game/Art/CreatureModels/Griffin/Animations/AS_PG_Griffin_Jump_Start,True,not_linked_by_creature_combat_config,Tools/Validation/ConfigureCreatureCombat.py; Tools/Validation/Data/CreatureCombat.json
/Game/Art/CreatureModels/Griffin/Animations/AS_PG_Griffin_Landing,True,not_linked_by_creature_combat_config,Tools/Validation/ConfigureCreatureCombat.py; Tools/Validation/Data/CreatureCombat.json
/Game/Art/CreatureModels/Griffin/Animations/AS_PG_Griffin_Run,True,not_linked_by_creature_combat_config,Tools/Validation/ConfigureCreatureCombat.py; Tools/Validation/Data/CreatureCombat.json
/Game/Art/CreatureModels/Griffin/Animations/AS_PG_Griffin_Soars_Non_Zero,True,not_linked_by_creature_combat_config,Tools/Validation/ConfigureCreatureCombat.py; Tools/Validation/Data/CreatureCombat.json
/Game/Art/CreatureModels/Griffin/Animations/AS_PG_Griffin_Soars_Zero,True,not_linked_by_creature_combat_config,Tools/Validation/ConfigureCreatureCombat.py; Tools/Validation/Data/CreatureCombat.json
/Game/Art/CreatureModels/Griffin/Animations/AS_PG_Griffin_Walk,True,not_linked_by_creature_combat_config,Tools/Validation/ConfigureCreatureCombat.py; Tools/Validation/Data/CreatureCombat.json
/Game/Art/CreatureModels/MainPlant/Animations/AS_PG_MainPlant_Attack,True,authored_combat_link,Tools/Validation/ConfigureCreatureCombat.py; Tools/Validation/Data/CreatureCombat.json; skill:15521
/Game/Art/CreatureModels/MainPlant/Animations/AS_PG_MainPlant_Awake,True,not_linked_by_creature_combat_config,Tools/Validation/ConfigureCreatureCombat.py; Tools/Validation/Data/CreatureCombat.json
/Game/Art/CreatureModels/MainPlant/Animations/AS_PG_MainPlant_Cast_Agr,True,authored_combat_link,Tools/Validation/ConfigureCreatureCombat.py; Tools/Validation/Data/CreatureCombat.json; skill:15523
/Game/Art/CreatureModels/MainPlant/Animations/AS_PG_MainPlant_Death,True,authored_combat_link,Tools/Validation/ConfigureCreatureCombat.py; Tools/Validation/Data/CreatureCombat.json; death
/Game/Art/CreatureModels/MainPlant/Animations/AS_PG_MainPlant_Eat,True,not_linked_by_creature_combat_config,Tools/Validation/ConfigureCreatureCombat.py; Tools/Validation/Data/CreatureCombat.json
/Game/Art/CreatureModels/MainPlant/Animations/AS_PG_MainPlant_Hit,True,authored_combat_link,Tools/Validation/ConfigureCreatureCombat.py; Tools/Validation/Data/CreatureCombat.json; hit_react
/Game/Art/CreatureModels/MainPlant/Animations/AS_PG_MainPlant_Idle_Asleep,True,not_linked_by_creature_combat_config,Tools/Validation/ConfigureCreatureCombat.py; Tools/Validation/Data/CreatureCombat.json
/Game/Art/CreatureModels/MainPlant/Animations/AS_PG_MainPlant_Idle_Battle,True,authored_combat_link,Tools/Validation/ConfigureCreatureCombat.py; Tools/Validation/Data/CreatureCombat.json; idle; move
/Game/Art/CreatureModels/MainPlant/Animations/AS_PG_MainPlant_Spittle,True,authored_combat_link,Tools/Validation/ConfigureCreatureCombat.py; Tools/Validation/Data/CreatureCombat.json; skill:15522
/Game/Art/PlayerCombatFX/AM_PGPlayerDash,True,historical_design_candidate_or_baseline_requires_runtime_audit,Docs/Design/MotionBasedSkills/motion-manifest.json:asset
/Game/Art/PlayerCombatFX/AS_PGPlayerDash,True,historical_design_candidate_or_baseline_requires_runtime_audit,Docs/Design/MotionBasedSkills/motion-manifest.json:asset
/Game/Art/ToonTest/Bokusei/Animation/FrankSlash/Katana/InPlace/PGBokusei_AS_PGFrank_RPG_Katana_8Way_Run_BL_6d4ef9d1b5,True,historical_design_candidate_or_baseline_requires_runtime_audit,Docs/Design/HumanoidBoss/motion-manifest.json:asset
/Game/Art/ToonTest/Bokusei/Animation/FrankSlash/Katana/InPlace/PGBokusei_AS_PGFrank_RPG_Katana_8Way_Run_BR_777363dd71,True,historical_design_candidate_or_baseline_requires_runtime_audit,Docs/Design/HumanoidBoss/motion-manifest.json:asset
/Game/Art/ToonTest/Bokusei/Animation/FrankSlash/Katana/InPlace/PGBokusei_AS_PGFrank_RPG_Katana_8Way_Run_B_de1dd86c1b,True,historical_design_candidate_or_baseline_requires_runtime_audit,Docs/Design/HumanoidBoss/motion-manifest.json:asset
/Game/Art/ToonTest/Bokusei/Animation/FrankSlash/Katana/InPlace/PGBokusei_AS_PGFrank_RPG_Katana_8Way_Run_FL_2f11a7c922,True,historical_design_candidate_or_baseline_requires_runtime_audit,Docs/Design/HumanoidBoss/motion-manifest.json:asset
/Game/Art/ToonTest/Bokusei/Animation/FrankSlash/Katana/InPlace/PGBokusei_AS_PGFrank_RPG_Katana_8Way_Run_FR_351e503b6a,True,historical_design_candidate_or_baseline_requires_runtime_audit,Docs/Design/HumanoidBoss/motion-manifest.json:asset
/Game/Art/ToonTest/Bokusei/Animation/FrankSlash/Katana/InPlace/PGBokusei_AS_PGFrank_RPG_Katana_8Way_Run_F_27aef332ec,True,historical_design_candidate_or_baseline_requires_runtime_audit,Docs/Design/HumanoidBoss/motion-manifest.json:asset
/Game/Art/ToonTest/Bokusei/Animation/FrankSlash/Katana/InPlace/PGBokusei_AS_PGFrank_RPG_Katana_8Way_Run_L_b91cb8e8aa,True,historical_design_candidate_or_baseline_requires_runtime_audit,Docs/Design/HumanoidBoss/motion-manifest.json:asset
/Game/Art/ToonTest/Bokusei/Animation/FrankSlash/Katana/InPlace/PGBokusei_AS_PGFrank_RPG_Katana_8Way_Run_R_da467fd0a4,True,historical_design_candidate_or_baseline_requires_runtime_audit,Docs/Design/HumanoidBoss/motion-manifest.json:asset
/Game/Art/ToonTest/Bokusei/Animation/FrankSlash/Katana/InPlace/PGBokusei_AS_PGFrank_RPG_Katana_8Way_Walk_BL_07e6ba7846,True,historical_design_candidate_or_baseline_requires_runtime_audit,Docs/Design/HumanoidBoss/motion-manifest.json:asset
/Game/Art/ToonTest/Bokusei/Animation/FrankSlash/Katana/InPlace/PGBokusei_AS_PGFrank_RPG_Katana_8Way_Walk_BR_67c6e58408,True,historical_design_candidate_or_baseline_requires_runtime_audit,Docs/Design/HumanoidBoss/motion-manifest.json:asset
/Game/Art/ToonTest/Bokusei/Animation/FrankSlash/Katana/InPlace/PGBokusei_AS_PGFrank_RPG_Katana_8Way_Walk_B_ddc8c69cf6,True,historical_design_candidate_or_baseline_requires_runtime_audit,Docs/Design/HumanoidBoss/motion-manifest.json:asset
/Game/Art/ToonTest/Bokusei/Animation/FrankSlash/Katana/InPlace/PGBokusei_AS_PGFrank_RPG_Katana_8Way_Walk_FL_3e3ed0623b,True,historical_design_candidate_or_baseline_requires_runtime_audit,Docs/Design/HumanoidBoss/motion-manifest.json:asset
/Game/Art/ToonTest/Bokusei/Animation/FrankSlash/Katana/InPlace/PGBokusei_AS_PGFrank_RPG_Katana_8Way_Walk_FR_fc45f1382f,True,historical_design_candidate_or_baseline_requires_runtime_audit,Docs/Design/HumanoidBoss/motion-manifest.json:asset
/Game/Art/ToonTest/Bokusei/Animation/FrankSlash/Katana/InPlace/PGBokusei_AS_PGFrank_RPG_Katana_8Way_Walk_F_d5c6468cec,True,historical_design_candidate_or_baseline_requires_runtime_audit,Docs/Design/HumanoidBoss/motion-manifest.json:asset
/Game/Art/ToonTest/Bokusei/Animation/FrankSlash/Katana/InPlace/PGBokusei_AS_PGFrank_RPG_Katana_8Way_Walk_L_96a6242a2e,True,historical_design_candidate_or_baseline_requires_runtime_audit,Docs/Design/HumanoidBoss/motion-manifest.json:asset
/Game/Art/ToonTest/Bokusei/Animation/FrankSlash/Katana/InPlace/PGBokusei_AS_PGFrank_RPG_Katana_8Way_Walk_R_34a757260d,True,historical_design_candidate_or_baseline_requires_runtime_audit,Docs/Design/HumanoidBoss/motion-manifest.json:asset
/Game/Art/ToonTest/Bokusei/Animation/FrankSlash/Katana/InPlace/PGBokusei_AS_PGFrank_RPG_Katana_Stance1_Idle_c7aae8c41b,True,historical_design_candidate_or_baseline_requires_runtime_audit,Docs/Design/HumanoidBoss/motion-manifest.json:asset
/Game/Art/ToonTest/Bokusei/Animation/FrankSlash/Katana/RootMotion/PGBokusei_AS_PGFrank_RPG_Katana_Evade_B_1d1845390d,True,historical_design_candidate_or_baseline_requires_runtime_audit,Docs/Design/HumanoidBoss/motion-manifest.json:asset
/Game/Art/ToonTest/Bokusei/Animation/FrankSlash/Katana/RootMotion/PGBokusei_AS_PGFrank_RPG_Katana_Evade_L_c94520e296,True,historical_design_candidate_or_baseline_requires_runtime_audit,Docs/Design/HumanoidBoss/motion-manifest.json:asset
/Game/Art/ToonTest/Bokusei/Animation/FrankSlash/Katana/RootMotion/PGBokusei_AS_PGFrank_RPG_Katana_Evade_R_5694da9eea,True,historical_design_candidate_or_baseline_requires_runtime_audit,Docs/Design/HumanoidBoss/motion-manifest.json:asset
/Game/Art/ToonTest/Bokusei/Animation/FrankSlash/Spear/Authored/PGBokusei_AS_PGFrank_RPG_Spear_Attack01_c056a7e4a8,True,historical_design_candidate_or_baseline_requires_runtime_audit,Docs/Design/MotionBasedSkills/motion-manifest.json:asset
/Game/Art/ToonTest/Bokusei/Animation/FrankSlash/Warrior/RootMotion/PGBokusei_AS_PGFrank_RPG_Warrior_ShieldAttack01_fff9a83032,True,historical_design_candidate_or_baseline_requires_runtime_audit,Docs/Design/MotionBasedSkills/motion-manifest.json:asset
/Game/Art/ToonTest/Bokusei/Animation/FrankSlash/Warrior/RootMotion/PGBokusei_AS_PGFrank_RPG_Warrior_ShieldAttack02_e7fb63aab4,True,historical_design_candidate_or_baseline_requires_runtime_audit,Docs/Design/MotionBasedSkills/motion-manifest.json:asset
/Game/Art/ToonTest/Bokusei/Animation/GrruzamSword/M_Big_Sword/Authored/PGBokusei_AS_PGRevenge_Guard_Accept_86cf2404ec,True,historical_design_candidate_or_baseline_requires_runtime_audit,Docs/Design/MotionBasedSkills/motion-manifest.json:asset
/Game/Art/ToonTest/Bokusei/Animation/GrruzamSword/M_Big_Sword/Authored/PGBokusei_AS_PGRevenge_Guard_End_34e1b29527,True,historical_design_candidate_or_baseline_requires_runtime_audit,Docs/Design/MotionBasedSkills/motion-manifest.json:asset
/Game/Art/ToonTest/Bokusei/Animation/GrruzamSword/M_Big_Sword/Authored/PGBokusei_AS_PGRevenge_Guard_Loop_e0ee7a2d68,True,historical_design_candidate_or_baseline_requires_runtime_audit,Docs/Design/MotionBasedSkills/motion-manifest.json:asset
/Game/Art/ToonTest/Bokusei/Animation/GrruzamSword/M_Big_Sword/Authored/PGBokusei_AS_PGRevenge_Guard_Start_ead69e38e4,True,historical_design_candidate_or_baseline_requires_runtime_audit,Docs/Design/MotionBasedSkills/motion-manifest.json:asset
/Game/Art/ToonTest/Bokusei/Animation/GrruzamSword/M_Big_Sword/InPlace/PGBokusei_AS_PGAttack_3Combo_1_Inplace_d472f8598f,True,historical_design_candidate_or_baseline_requires_runtime_audit,Docs/Design/MotionBasedSkills/motion-manifest.json:asset
/Game/Art/ToonTest/Bokusei/Animation/GrruzamSword/M_Big_Sword/InPlace/PGBokusei_AS_PGAttack_3Combo_2_Inplace_f8e5d1711b,True,historical_design_candidate_or_baseline_requires_runtime_audit,Docs/Design/MotionBasedSkills/motion-manifest.json:asset
/Game/Art/ToonTest/Bokusei/Animation/GrruzamSword/M_Big_Sword/InPlace/PGBokusei_AS_PGAttack_3Combo_3_Inplace_8f3d7d1fdc,True,historical_design_candidate_or_baseline_requires_runtime_audit,Docs/Design/MotionBasedSkills/motion-manifest.json:asset
/Game/Art/ToonTest/Bokusei/Animation/GrruzamSword/M_Katana_Blade/Authored/PGBokusei_AS_PGDash_Attack_ver_B_3fc1792d00,True,historical_design_candidate_or_baseline_requires_runtime_audit,Docs/Design/HumanoidBoss/motion-manifest.json:asset
/Game/Art/ToonTest/Bokusei/Animation/GrruzamSword/M_Katana_Blade/Authored/PGBokusei_AS_PGRevenge_Guard_Accept_a03e5aa8a7,True,historical_design_candidate_or_baseline_requires_runtime_audit,Docs/Design/HumanoidBoss/motion-manifest.json:asset; Docs/Design/MotionBasedSkills/motion-manifest.json:asset
/Game/Art/ToonTest/Bokusei/Animation/GrruzamSword/M_Katana_Blade/Authored/PGBokusei_AS_PGRevenge_Guard_Attack_ver_A_e90c075f6d,True,historical_design_candidate_or_baseline_requires_runtime_audit,Docs/Design/HumanoidBoss/motion-manifest.json:asset; Docs/Design/MotionBasedSkills/motion-manifest.json:asset
/Game/Art/ToonTest/Bokusei/Animation/GrruzamSword/M_Katana_Blade/Authored/PGBokusei_AS_PGRevenge_Guard_Attack_ver_B_21a5840e0a,True,historical_design_candidate_or_baseline_requires_runtime_audit,Docs/Design/MotionBasedSkills/motion-manifest.json:asset
/Game/Art/ToonTest/Bokusei/Animation/GrruzamSword/M_Katana_Blade/Authored/PGBokusei_AS_PGRevenge_Guard_End_a13bbb8ca0,True,historical_design_candidate_or_baseline_requires_runtime_audit,Docs/Design/HumanoidBoss/motion-manifest.json:asset; Docs/Design/MotionBasedSkills/motion-manifest.json:asset
/Game/Art/ToonTest/Bokusei/Animation/GrruzamSword/M_Katana_Blade/Authored/PGBokusei_AS_PGRevenge_Guard_Loop_f36865927b,True,historical_design_candidate_or_baseline_requires_runtime_audit,Docs/Design/HumanoidBoss/motion-manifest.json:asset; Docs/Design/MotionBasedSkills/motion-manifest.json:asset
/Game/Art/ToonTest/Bokusei/Animation/GrruzamSword/M_Katana_Blade/Authored/PGBokusei_AS_PGRevenge_Guard_Start_c687af82a3,True,historical_design_candidate_or_baseline_requires_runtime_audit,Docs/Design/HumanoidBoss/motion-manifest.json:asset; Docs/Design/MotionBasedSkills/motion-manifest.json:asset
/Game/Art/ToonTest/Bokusei/Animation/GrruzamSword/M_Katana_Blade/InPlace/PGBokusei_AS_PGAttack_3Combo_1_Inplace_fa8ad838d4,True,historical_design_candidate_or_baseline_requires_runtime_audit,Docs/Design/HumanoidBoss/motion-manifest.json:asset; Docs/Design/MotionBasedSkills/motion-manifest.json:asset
/Game/Art/ToonTest/Bokusei/Animation/GrruzamSword/M_Katana_Blade/InPlace/PGBokusei_AS_PGAttack_3Combo_2_Inplace_e8c2fbd579,True,historical_design_candidate_or_baseline_requires_runtime_audit,Docs/Design/HumanoidBoss/motion-manifest.json:asset; Docs/Design/MotionBasedSkills/motion-manifest.json:asset
/Game/Art/ToonTest/Bokusei/Animation/GrruzamSword/M_Katana_Blade/InPlace/PGBokusei_AS_PGAttack_3Combo_3_Inplace_c0f88edd7b,True,historical_design_candidate_or_baseline_requires_runtime_audit,Docs/Design/HumanoidBoss/motion-manifest.json:asset; Docs/Design/MotionBasedSkills/motion-manifest.json:asset
/Game/Art/ToonTest/Bokusei/Animation/PGBokusei_AS_Anime_KC_Block_01_Hit,True,historical_design_candidate_or_baseline_requires_runtime_audit,Docs/Design/HumanoidBoss/motion-manifest.json:asset
/Game/Art/ToonTest/Bokusei/Animation/PGBokusei_AS_Anime_KC_Charge_Attack,True,historical_design_candidate_or_baseline_requires_runtime_audit,Docs/Design/HumanoidBoss/motion-manifest.json:asset; Docs/Design/MotionBasedSkills/motion-manifest.json:asset
/Game/Art/ToonTest/Bokusei/Animation/PGBokusei_AS_Anime_KC_Circle,True,historical_design_candidate_or_baseline_requires_runtime_audit,Docs/Design/HumanoidBoss/motion-manifest.json:asset; Docs/Design/MotionBasedSkills/motion-manifest.json:asset
/Game/Art/ToonTest/Bokusei/Animation/PGBokusei_AS_Anime_KC_Death,True,historical_design_candidate_or_baseline_requires_runtime_audit,Docs/Design/HumanoidBoss/motion-manifest.json:asset
/Game/Art/ToonTest/Bokusei/Animation/PGBokusei_AS_Anime_KC_Get_Hit_V1,True,historical_design_candidate_or_baseline_requires_runtime_audit,Docs/Design/HumanoidBoss/motion-manifest.json:asset
/Game/Art/ToonTest/Bokusei/Animation/PGBokusei_AS_Anime_KC_Get_Hit_V2,True,historical_design_candidate_or_baseline_requires_runtime_audit,Docs/Design/HumanoidBoss/motion-manifest.json:asset
/Game/Art/ToonTest/Bokusei/Animation/PGBokusei_AS_Anime_KC_Jump_Attack_V2,True,historical_design_candidate_or_baseline_requires_runtime_audit,Docs/Design/HumanoidBoss/motion-manifest.json:asset
/Game/Art/ToonTest/Bokusei/Animation/PGBokusei_AS_Anime_KC_Run_Attack_V1,True,historical_design_candidate_or_baseline_requires_runtime_audit,Docs/Design/MotionBasedSkills/motion-manifest.json:asset
/Game/Art/ToonTest/Bokusei/Animation/PGBokusei_AS_Anime_KC_Run_Thrust,True,historical_design_candidate_or_baseline_requires_runtime_audit,Docs/Design/HumanoidBoss/motion-manifest.json:asset; Docs/Design/MotionBasedSkills/motion-manifest.json:asset
/Game/Art/ToonTest/Bokusei/Animation/PGBokusei_AS_Anime_KC_Waves,True,historical_design_candidate_or_baseline_requires_runtime_audit,Docs/Design/HumanoidBoss/motion-manifest.json:asset
/Game/Art/ToonTest/Bokusei/Animation/RPGAnimations/Magic/InPlace/PGBokusei_AS_PGMagic_Attack_1_InPlace_0ea645dd94,True,historical_design_candidate_or_baseline_requires_runtime_audit,Docs/Design/MotionBasedSkills/motion-manifest.json:asset
/Game/Blueprints/Actor/LocalPlayer/Animation/Montage/AM_ElfSelena_Air_Attack_Combo,True,historical_design_candidate_or_baseline_requires_runtime_audit,Docs/Design/MotionBasedSkills/motion-manifest.json:asset
/Game/Blueprints/Actor/LocalPlayer/Animation/Montage/AM_ElfSelena_Attack_Combo_01,True,historical_design_candidate_or_baseline_requires_runtime_audit,Docs/Design/MotionBasedSkills/motion-manifest.json:asset
/Game/Blueprints/Actor/LocalPlayer/Animation/Montage/AM_ElfSelena_Attack_Combo_02,True,historical_design_candidate_or_baseline_requires_runtime_audit,Docs/Design/MotionBasedSkills/motion-manifest.json:asset
/Game/Blueprints/Actor/LocalPlayer/Animation/Montage/AM_ElfSelena_Attack_Combo_03,True,historical_design_candidate_or_baseline_requires_runtime_audit,Docs/Design/MotionBasedSkills/motion-manifest.json:asset
/Game/Blueprints/Actor/LocalPlayer/Animation/Montage/AM_ElfSelena_Sword_Attack_1,True,historical_design_candidate_or_baseline_requires_runtime_audit,Docs/Design/MotionBasedSkills/motion-manifest.json:asset
/Game/Blueprints/Actor/LocalPlayer/Animation/Montage/AM_ElfSelena_Sword_Attack_2,True,historical_design_candidate_or_baseline_requires_runtime_audit,Docs/Design/MotionBasedSkills/motion-manifest.json:asset
/Game/Blueprints/Actor/LocalPlayer/Animation/Montage/AM_ElfSelena_Sword_Attack_3,True,historical_design_candidate_or_baseline_requires_runtime_audit,Docs/Design/MotionBasedSkills/motion-manifest.json:asset
/Game/Blueprints/Actor/LocalPlayer/Animation/Montage/AM_ElfSelena_Sword_Slash_1,True,historical_design_candidate_or_baseline_requires_runtime_audit,Docs/Design/MotionBasedSkills/motion-manifest.json:asset
/Game/DataCenter/CombatCycle/AM_EliteSlam_Presentation,True,historical_design_candidate_or_baseline_requires_runtime_audit,Docs/Design/MotionBasedSkills/motion-manifest.json:asset
/Game/DataCenter/Guardian/AM_PGGuardianSlam,True,historical_design_candidate_or_baseline_requires_runtime_audit,Docs/Design/MotionBasedSkills/motion-manifest.json:asset
/Game/DataCenter/Guardian/AS_PGGuardianIdle,True,historical_design_candidate_or_baseline_requires_runtime_audit,Docs/Design/MotionBasedSkills/motion-manifest.json:asset
/Game/DataCenter/Guardian/AS_PGGuardianRun,True,historical_design_candidate_or_baseline_requires_runtime_audit,Docs/Design/MotionBasedSkills/motion-manifest.json:asset
/Game/DataCenter/Guardian/AS_PGGuardianSlam,True,historical_design_candidate_or_baseline_requires_runtime_audit,Docs/Design/MotionBasedSkills/motion-manifest.json:asset
/Game/DataCenter/Guardian/AS_PGGuardianWalk,True,historical_design_candidate_or_baseline_requires_runtime_audit,Docs/Design/MotionBasedSkills/motion-manifest.json:asset
/Game/DataCenter/SkeletonArcher/AM_PGSkeletonArcherShot,True,historical_design_candidate_or_baseline_requires_runtime_audit,Docs/Design/MotionBasedSkills/motion-manifest.json:asset
/Game/ExternalAssets/Animations/ElfSelena_Sword/Anim_Warrior_Attack_1,True,historical_design_candidate_or_baseline_requires_runtime_audit,Docs/Design/MotionBasedSkills/motion-manifest.json:asset
/Game/ExternalAssets/Animations/ElfSelena_Sword/Anim_Warrior_Attack_2,True,historical_design_candidate_or_baseline_requires_runtime_audit,Docs/Design/MotionBasedSkills/motion-manifest.json:asset
/Game/ExternalAssets/Animations/ElfSelena_Sword/Anim_Warrior_Attack_3,True,historical_design_candidate_or_baseline_requires_runtime_audit,Docs/Design/MotionBasedSkills/motion-manifest.json:asset
/Game/ExternalAssets/Animations/ElfSelena_Sword/Sword_animation/AS_Player_Sword_ChainStrike,True,historical_design_candidate_or_baseline_requires_runtime_audit,Docs/Design/MotionBasedSkills/motion-manifest.json:asset
/Game/ExternalAssets/Animations/ElfSelena_Sword/Sword_animation/AS_Player_Sword_DashAttack,True,historical_design_candidate_or_baseline_requires_runtime_audit,Docs/Design/MotionBasedSkills/motion-manifest.json:asset
/Game/ExternalAssets/Animations/ElfSelena_Sword/Sword_animation/A_Combo_1,True,historical_design_candidate_or_baseline_requires_runtime_audit,Docs/Design/MotionBasedSkills/motion-manifest.json:asset
/Game/ExternalAssets/Animations/ElfSelena_Sword/Sword_animation/anim_attack_heavy_idle,True,historical_design_candidate_or_baseline_requires_runtime_audit,Docs/Design/MotionBasedSkills/motion-manifest.json:asset
/Game/ExternalAssets/Animations/ElfSelena_Sword/Sword_animation/anim_attack_heavy_startup,True,historical_design_candidate_or_baseline_requires_runtime_audit,Docs/Design/MotionBasedSkills/motion-manifest.json:asset
/Game/ExternalAssets/Animations/ElfSelena_Sword/Sword_animation/anim_attack_light_01,True,historical_design_candidate_or_baseline_requires_runtime_audit,Docs/Design/MotionBasedSkills/motion-manifest.json:asset
/Game/ExternalAssets/Animations/ElfSelena_Sword/Sword_animation/anim_attack_light_02,True,historical_design_candidate_or_baseline_requires_runtime_audit,Docs/Design/MotionBasedSkills/motion-manifest.json:asset
/Game/ExternalAssets/Animations/ElfSelena_Sword/Sword_animation/anim_attack_light_03,True,historical_design_candidate_or_baseline_requires_runtime_audit,Docs/Design/MotionBasedSkills/motion-manifest.json:asset
/Game/ExternalAssets/Animations/ElfSelena_Sword/Sword_animation/anim_attack_med_01,True,historical_design_candidate_or_baseline_requires_runtime_audit,Docs/Design/MotionBasedSkills/motion-manifest.json:asset
/Game/ExternalAssets/Animations/ElfSelena_Sword/Sword_animation/anim_block_idle,True,historical_design_candidate_or_baseline_requires_runtime_audit,Docs/Design/MotionBasedSkills/motion-manifest.json:asset
/Game/ExternalAssets/Animations/ElfSelena_Sword/Sword_animation/anim_block_react,True,historical_design_candidate_or_baseline_requires_runtime_audit,Docs/Design/MotionBasedSkills/motion-manifest.json:asset
/Game/ExternalAssets/Animations/SwordAnimsetPro/Retargeted/AS_ElfSelenaAir_Attack_Combo_Anim,True,historical_design_candidate_or_baseline_requires_runtime_audit,Docs/Design/MotionBasedSkills/motion-manifest.json:asset
/Game/ExternalAssets/Animations/SwordAnimsetPro/Retargeted/AS_ElfSelenaAttack_Combo_01_Anim,True,historical_design_candidate_or_baseline_requires_runtime_audit,Docs/Design/MotionBasedSkills/motion-manifest.json:asset
/Game/ExternalAssets/Animations/SwordAnimsetPro/Retargeted/AS_ElfSelenaAttack_Combo_02_Anim,True,historical_design_candidate_or_baseline_requires_runtime_audit,Docs/Design/MotionBasedSkills/motion-manifest.json:asset
/Game/ExternalAssets/Animations/SwordAnimsetPro/Retargeted/AS_ElfSelenaAttack_Combo_03_Anim,True,historical_design_candidate_or_baseline_requires_runtime_audit,Docs/Design/MotionBasedSkills/motion-manifest.json:asset
/Game/ExternalAssets/Animations/SwordAnimsetPro/Retargeted/AS_ElfSelenaDodge_F_Anim,True,historical_design_candidate_or_baseline_requires_runtime_audit,Docs/Design/MotionBasedSkills/motion-manifest.json:asset; Docs/Design/MotionBasedSkills/motion-manifest.json:source
/Game/ExternalAssets/Characters/Enemies/Ent/Animations/Anim_Hand_Attack_L,True,historical_design_candidate_or_baseline_requires_runtime_audit,Docs/Design/MotionBasedSkills/motion-manifest.json:asset
/Game/ExternalAssets/Characters/Enemies/Ent/Animations/Anim_Hand_Attack_R,True,historical_design_candidate_or_baseline_requires_runtime_audit,Docs/Design/MotionBasedSkills/motion-manifest.json:asset
/Game/ExternalAssets/Characters/Enemies/Ent/Animations/Anim_Leg_Attack_L,True,historical_design_candidate_or_baseline_requires_runtime_audit,Docs/Design/MotionBasedSkills/motion-manifest.json:asset
/Game/ExternalAssets/Characters/Enemies/Ent/Animations/Anim_Leg_Attack_R,True,historical_design_candidate_or_baseline_requires_runtime_audit,Docs/Design/MotionBasedSkills/motion-manifest.json:asset
/Game/ExternalAssets/Characters/Enemies/Lich/Animations/Anim_Attack_Left,True,historical_design_candidate_or_baseline_requires_runtime_audit,Docs/Design/MotionBasedSkills/motion-manifest.json:asset
/Game/ExternalAssets/Characters/Enemies/Lich/Animations/Anim_Attack_Right,True,historical_design_candidate_or_baseline_requires_runtime_audit,Docs/Design/MotionBasedSkills/motion-manifest.json:asset
/Game/ExternalAssets/Characters/Enemies/Lich/Animations/Anim_Call,True,historical_design_candidate_or_baseline_requires_runtime_audit,Docs/Design/MotionBasedSkills/motion-manifest.json:asset
/Game/ExternalAssets/Characters/Enemies/Lich/Animations/Anim_Spell,True,historical_design_candidate_or_baseline_requires_runtime_audit,Docs/Design/MotionBasedSkills/motion-manifest.json:asset
/Game/ExternalAssets/Characters/Enemies/SKnight_modular/Animations/AS_SkeletonKnight_Cast,True,historical_design_candidate_or_baseline_requires_runtime_audit,Docs/Design/MotionBasedSkills/motion-manifest.json:asset
/Game/ExternalAssets/Characters/Enemies/SKnight_modular/Animations/AS_SkeletonKnight_Run,True,historical_design_candidate_or_baseline_requires_runtime_audit,Docs/Design/MotionBasedSkills/motion-manifest.json:asset
/Game/ExternalAssets/Characters/Enemies/SKnight_modular/Animations/AS_SkeletonKnight__attack_light_02,True,historical_design_candidate_or_baseline_requires_runtime_audit,Docs/Design/MotionBasedSkills/motion-manifest.json:asset
/Game/ExternalAssets/Characters/Enemies/SKnight_modular/Animations/AS_SkeletonKnight_attack_light_01,True,historical_design_candidate_or_baseline_requires_runtime_audit,Docs/Design/MotionBasedSkills/motion-manifest.json:asset
/Game/ExternalAssets/Characters/Enemies/SKnight_modular/Animations/AS_SkeletonKnight_attack_med_01,True,historical_design_candidate_or_baseline_requires_runtime_audit,Docs/Design/MotionBasedSkills/motion-manifest.json:asset
/Game/ExternalAssets/Characters/Enemies/SkeletonEnemy/Animations/Anim_Attack,True,historical_design_candidate_or_baseline_requires_runtime_audit,Docs/Design/MotionBasedSkills/motion-manifest.json:asset; Docs/Design/MotionBasedSkills/motion-manifest.json:source
/Game/ExternalAssets/Characters/Enemies/SkeletonEnemy/Animations/Anim_Attack_Sword_1,True,historical_design_candidate_or_baseline_requires_runtime_audit,Docs/Design/MotionBasedSkills/motion-manifest.json:asset
/Game/ExternalAssets/Characters/Enemies/SkeletonEnemy/Animations/Anim_Attack_Sword_2,True,historical_design_candidate_or_baseline_requires_runtime_audit,Docs/Design/MotionBasedSkills/motion-manifest.json:asset
/Game/ExternalAssets/Characters/Enemies/SkeletonEnemy/Animations/Anim_Run_Sword,True,historical_design_candidate_or_baseline_requires_runtime_audit,Docs/Design/MotionBasedSkills/motion-manifest.json:asset
/Game/ExternalAssets/Characters/Enemies/SpiderMinion/Animations/Anim_Attack,True,historical_design_candidate_or_baseline_requires_runtime_audit,Docs/Design/MotionBasedSkills/motion-manifest.json:asset
/Game/ExternalAssets/Characters/Enemies/SpiderMinion/Animations/Anim_Walk,True,historical_design_candidate_or_baseline_requires_runtime_audit,Docs/Design/MotionBasedSkills/motion-manifest.json:asset
/Game/ExternalAssets/Characters/Enemies/SpiderQueen/Animations/Anim_Attack_1,True,historical_design_candidate_or_baseline_requires_runtime_audit,Docs/Design/MotionBasedSkills/motion-manifest.json:asset
/Game/ExternalAssets/Characters/Enemies/SpiderQueen/Animations/Anim_Attack_3,True,historical_design_candidate_or_baseline_requires_runtime_audit,Docs/Design/MotionBasedSkills/motion-manifest.json:asset
/Game/ExternalAssets/Characters/Enemies/SpiderQueen/Animations/Anim_Attack_Left,True,historical_design_candidate_or_baseline_requires_runtime_audit,Docs/Design/MotionBasedSkills/motion-manifest.json:asset
/Game/ExternalAssets/Characters/Enemies/SpiderQueen/Animations/Anim_Attack_Right,True,historical_design_candidate_or_baseline_requires_runtime_audit,Docs/Design/MotionBasedSkills/motion-manifest.json:asset
/Game/ExternalAssets/Characters/Enemies/SpiderQueen/Animations/Anim_Call_Cast,True,historical_design_candidate_or_baseline_requires_runtime_audit,Docs/Design/MotionBasedSkills/motion-manifest.json:asset
/Game/ExternalAssets/Characters/Enemies/SpiderQueen/Animations/Anim_Jump_Start,True,historical_design_candidate_or_baseline_requires_runtime_audit,Docs/Design/MotionBasedSkills/motion-manifest.json:asset
/Game/ExternalAssets/Characters/Enemies/SpiderQueen/Animations/Anim_Landing,True,historical_design_candidate_or_baseline_requires_runtime_audit,Docs/Design/MotionBasedSkills/motion-manifest.json:asset
/Game/ExternalAssets/Characters/Enemies/SpiderQueen/Animations/Anim_Throw_a_web,True,historical_design_candidate_or_baseline_requires_runtime_audit,Docs/Design/MotionBasedSkills/motion-manifest.json:asset
